question,answer
How are drones used in the process of examining power lines and poles to enhance safety and inform future grid investments at Duke Energy?,"Drones are utilized by Duke Energy to inspect power lines and poles with agility and precision, ensuring greater safety and efficiency for their crews. Specifically, drone crews examine poles and lines up close, looking for loose connections or structural damage. Additionally, drones validate the location of equipment and poles through GPS data, which plays a significant role in informing future grid investments as the company builds a smarter energy future. This approach provides advanced reasoning and multi-step analysis, enabling Duke Energy to maintain and improve its infrastructure while ensuring the safety of its personnel."
"How do the helicopters and drones of Duke Energy's Utility Aviation and Unmanned Aerial Systems teams contribute to faster and safer storm response, and what are their distinct roles in this process?","The helicopters and drones of Duke Energy's Utility Aviation and Unmanned Aerial Systems (UAS) teams play a crucial role in the company's storm response. These 'eyes in the sky' help communities recover by enabling faster restoration after storms. In the aftermath of a storm, the top question from customers is when their power will be restored, and these aerial resources help answer that question quickly and safely. Helicopters are used to cover a lot of ground quickly to provide an initial assessment of the damage, as well as to transport personnel and equipment to remote or flooded areas where roads are impassable. Drones, on the other hand, offer speed and agility, and are often some of the first on-site with lineworkers and damage assessment crews. They can fly into hazardous areas and capture images to map damage and help plan repairs, forming a coordinated aerial strategy with helicopters that improves operational efficiency and helps restore power more quickly for those affected by the storm."
"How does the AIR app help Duke Energy's helicopter crews in their damage assessment and communication with ground teams during storm response, and what significant role did it play in the company's response to hurricanes Debby, Helene, and Milton?","The AIR (Aviation Inspection and Routing) app is a crucial tool for Duke Energy's helicopter crews in their storm response damage assessment and communication efforts. With the app, helicopter crews can mark damage with GPS coordinates and assign priority levels to streamline communication with ground teams. This feature is particularly important in situations where road access is limited or unavailable due to storm damage. According to Luke Harper, director of Utility Aviation with 16 years of storm experience, Duke Energy's helicopter crews logged hundreds of hours last year while responding to hurricanes Debby, Helene, and Milten. The AIR app's ability to accurately mark damage with coordinates and prioritize issues helped the company manage its response more efficiently during these major storm events."
"How does Duke Energy's Utility Aviation team use helicopters and drones to enhance grid reliability and respond to storms, and what experience do the team members bring to their roles?","Duke Energy's Utility Aviation team, based in Charlotte, NC, utilizes helicopters and drones for routine grid maintenance and emergency storm response. The team includes individuals with emergency response and military backgrounds, such as Harper, who has experience flying Blackhawk helicopters in Iraq and Afghanistan, and Justice, a retired state trooper who used drones for crash-scene mapping. The team's shared mission is to help Duke Energy customers recover more quickly from unexpected incidents.

Year-round, the aerial teams work to maintain grid strength, conducting pre-storm patrols to help Vegetation Management and Power Grid Operations prioritize work for the Midwest, Carolinas, and Florida. Helicopters play a crucial role in this process, patrolling more than 32,000 miles of transmission lines twice a year to identify hazards like damaged equipment and trees or branches that are too close to power lines. This proactive approach enables the team to address issues before storms even occur.

In areas that are not accessible with traditional methods, helicopter crews use a 33-foot aerial saw to trim trees. Drones complement helicopters by providing agility and precision, allowing them to inspect areas that may be difficult or dangerous for helicopters to reach.

Brian Anderson, chief pilot of Utility Aviation, highlights the team's focus on continuously improving grid reliability through scheduled routine patrols and storm patrols, as they seek new efficiencies and advancements to better serve their customers."
"How have drones improved Duke Energy's storm response, and what major advancement has enabled faster, remote response during large-scale events?","Drones have significantly improved Duke Energy's storm response by flying into hazardous or inaccessible areas after storms to capture detailed imagery for planning repairs. This has allowed the company to assess the damage more accurately and quickly, which is crucial for efficient repair planning and restoration of electricity. The major advancement that has contributed to faster, remote response during large-scale events is the Federal Aviation Administration (FAA) authorization for the company to fly drones beyond the visual line of sight. This has enabled the company to cover larger areas and respond more quickly to emergencies without compromising safety."
"How are drones utilized by Duke Energy's Utility Aviation team to improve the efficiency and safety of post-storm inspections and repairs in solar fields, and what specific benefits do these unmanned aerial vehicles (UAVs) offer over traditional handheld devices in this context?","Duke Energy's Utility Aviation team uses drones equipped with infrared cameras and LiDAR sensors to enhance the efficiency and safety of post-storm inspections and repairs in solar fields. Drones offer several advantages over traditional handheld devices in this context.

Firstly, drones with infrared cameras can identify damaged or underperforming solar panels by detecting heat signatures that are not visible to the naked eye. This capability allows drone pilots to locate issues quickly and accurately, without requiring technicians to spend hours walking the site and using handheld thermal imaging devices for each section of the solar field, which can span hundreds of acres.

Secondly, LiDAR-equipped drones create 3D models of Duke Energy's sites, providing even more detailed data for analysis and decision-making. This feature is especially important for confined space inspections, such as inside substations or nuclear power plants, where human access might be limited or dangerous.

Thirdly, drones can collect water samples from hard-to-reach areas, keeping crews out of hazardous conditions. This versatile tool helps teams across the company work more efficiently, as described by UAS Director Jackson Rollins.

In summary, drones provide Duke Energy with a valuable resource for post-storm inspections and repairs, offering time savings, increased accuracy, enhanced safety, and improved data collection compared to traditional handheld devices in solar field maintenance."
